{
	"size": 3,
	"health": 1440,
	"range": 180,
	"reloadTime": 72,
	"chargeTime": 30,
	"chargeMaxDelay": 4,
	"chargeEffects": 12,
	"shootCone": 5,
	"shots": 8,
	"burstSpacing": 2,
	"shootSound": "spark",
	"shootShake": 3,
	"powerUse": 3,
	"recoilAmount": 2.5,
	"targetAir": true,
	"shootType": {
		"type": "LightningBulletType",
		"damage": 32,
		"shootEffect": "lightningShoot"
	},
	"requirements": [
		{"item": "silicon", "amount": 175},
		{"item": "titanium", "amount": 150},
		{"item": "monolith-alloy", "amount": 75}
	],
	"category": "turret",
	"research": "mage"
}
