{
	"size": 2,
	"health": 1320,
	"range": 145,
	"reloadTime": 150,
	"coolantMultiplier": 2,
	"shootCone": 0.1,
	"shots": 1,
	"inaccuracy": 12,
	"chargeTime": 65,
	"chargeEffects": 5,
	"chargeMaxDelay": 25,
	"powerUse": 10.4,
	"targetAir": false,
	"requirements": [
		{"item": "copper", "amount": 55},
		{"item": "lead", "amount": 30},
		{"item": "graphite", "amount": 25},
		{"item": "silicon", "amount": 35},
		{"item": "imberium", "amount": 20},
	],
	"category": "turret",
	"research": "cyclone"
}
