{
	"size": 4,
	"health": 2800,
	"range": 200,
	"reloadTime": 460,
	"coolantMultiplier": 1.2,
	"liquidCapacity": 20,
	"shootCone": 1,
	"chargeTime": 240,
	"chargeMaxDelay": 240,
	"chargeEffects": 15,
	"inaccuracy": 0,
	"powerUse": 15.2,
	"requirements": [
		{"item": "copper", "amount": 580},
		{"item": "lead", "amount": 520},
		{"item": "graphite", "amount": 410},
		{"item": "silicon", "amount": 390},
		{"item": "spark-alloy", "amount": 110},
		{"item": "surge-alloy", "amount": 180}
	],
	"category": "turret",
	"research": "current"
}