{
	"speed": 0.4,
	"drag": 0.12,
	"hitSize": 29,
	"flying": false,
	"hovering": true,
	"allowLegStep": true,
	"health": 31000,
	"armor": 16,
	"rotateSpeed": 1.3,
	"legCount": 12,
	"legGroupSize": 4,
	"legMoveSpace": 0.4,
	"legPairOffset": 0.4,
	"legLength": 121,
	"legExtension": -13.5,
	"kinematicScl": 0.8,
	"legBaseOffset": 9,
	"legSpeed": 0.092,
	"visualElevation": 1,
	"groundLayer": 79,
	"rippleScale": 3.4,
	"legSplashDamage": 130,	
	"legSplashRange": 60,
	"targetAir": false,
	"commandLimit": 5,
}