{
	"speed": 5,
	"drag": 0.08,
	"accel": 0.04,
	"fallSpeed": 0.005,
	"health": 75,
	"engineSize": 0,
	"flying": true,
	"hitSize": 12,
	"range": 140,
	"weapons": [
		{
			"name": "caelifera-gun",
			"reload": 6,
			"x": 5.25,
			"y": 6.5,
			"shootSound": "pew",
			"ejectEffect": "casing1",
			"bullet": {
				"type": "BasicBulletType",
				"speed": 5,
				"lifetime": 30,
				"damage": 7,
				"shrinkY": 0.2
			}
		},
		{
			"name": "caelifera-launcher",
			"reload": 30,
			"x": 4.5,
			"y": 0.5,
			"shootSound": "shootSnap",
			"ejectEffect": "casing2",
			"bullet": {
				"type": "MissileBulletType",
				"speed": 3,
				"lifetime": 50,
				"splashDamage": 40,
				"splashDamageRadius": 6,
				"drag": -0.01
			}
		}
	]
}