{
	"speed": 3,
	"drag": 0.07,
	"accel": 0.03,
	"fallSpeed": 0.003,
	"health": 9500,
	"engineSize": 0,
	"flying": true,
	"hitSize": 45,
	"range": 300,
	"lowAltitude": true,
	"weapons": [
		{
			"name": "lepidoptera-gun",
			"x": 14,
			"y": 27,
			"shootSound": "shootBig",
			"ejectEffect": "casing4",
			"reload": 10,
			"bullet": "standardThoriumBig"
		},
		{
			"name": "lepidoptera-launcher",
			"x": 17,
			"y": 14,
			"shootSound": "shootSnap",
			"ejectEffect": "casing2",
			"shots": 2,
			"spacing": 2,
			"reload": 20,
			"bullet": {
				"type": "MissileBulletType",
				"width": 8,
				"height": 14,
				"trailColor": "e58956",
				"weaveScale": 2,
				"weaveMag": -2,
				"lifetime": 50,
				"speed": 6,
				"drag": -0.01,
				"splashDamageRadius": 12,
				"splashDamage": 48,
				"frontColor": "ffd2ae",
				"backColor": "e58956"
			}
		},
		{
			"name": "lepidoptera-gun-big",
			"rotate": true,
			"rotateSpeed": 3,
			"x": 8,
			"y": 3,
			"shootSound": "shotgun",
			"ejectEffect": "none",
			"shots": 3,
			"spacing": 15,
			"shotDelay": 0,
			"reload": 45,
			"bullet": {
				"type": "ShrapnelBulletType",
				"toColor": "ffd2ae",
				"damage": 150,
				"keepVelocity": false,
				"length": 150
			}
		}
	]
}
