{
	"speed": 3.5,
	"drag": 0.07,
	"accel": 0.03,
	"fallSpeed": 0.003,
	"health": 4000,
	"engineSize": 0,
	"flying": true,
	"hitSize": 30,
	"range": 165,
	"lowAltitude": true,
	"weapons": [
		{
			"name": "vespula-gun-big",
			"x": 8.25,
			"y": 9.5,
			"reload": 12,
			"shootSound": "shootBig",
			"bullet": "standardDenseBig"
		},
		{
			"name": "vespula-gun",
			"x": 6.5,
			"y": 21.5,
			"reload": 20,
			"shots": 4,
			"shotDelay": 2,
			"shootSound": "shootSnap",
			"bullet": "standardThorium"
		},
		{
			"name": "vespula-laser-gun",
			"x": 13.5,
			"y": 15.5,
			"reload": 60,
			"shootSound": "laser",
			"bullet": {
				"type": "LaserBulletType",
				"sideAngle": 45,
				"length": 200,
				"damage": 240
			}
		}
	]
}