{
	"size": 12,
	"health": 22000,
	"range": 420,
	"reloadTime": 320,
	"coolantMultiplier": 0.6,
	"shootCone": 23,
	"shootDuration": 360,
	"powerUse": 87,
	"shootShake": 4,
	"firingMoveFract": 0.09,
	"shootEffect": "shootBigSmoke2",
	"recoilAmount": 7,
	"cooldown": 0.009,
	"hasPower": true,
	"hasLiquids": true,
	"heatColor": "ffffff",
	"rotateSpeed": 0.97,
	"loopSoundVolume": 3,
	"expanded": true,
	"requirements": [
		{ "item": "copper", "amount": 2800 },
		{ "item": "lead", "amount": 2970 },
		{ "item": "graphite", "amount": 2475 },
		{ "item": "titanium", "amount": 3100 },
		{ "item": "surge-alloy", "amount": 2790 },
		{ "item": "silicon", "amount": 3025 },
		{ "item": "thorium", "amount": 1750 },
		{ "item": "dark-alloy", "amount": 1250 }
	],
	"category": "turret"
}