{
	"size": 8,
	"health": 9750,
	"range": 300,
	"reloadTime": 190,
	"coolantMultiplier": 0.6,
	"shootCone": 40,
	"shootDuration": 320,
	"powerUse": 39,
	"shootShake": 4,
	"firingMoveFract": 0.16,
	"shootEffect": "shootBigSmoke2",
	"recoilAmount": 7,
	"cooldown": 0.012,
	"hasPower": true,
	"hasLiquids": true,
	"heatColor": "ffffff",
	"rotateSpeed": 1.9,
	"loopSoundVolume": 2.4,
	"expanded": true,
	"requirements": [
		{ "item": "copper", "amount": 1250 },
		{ "item": "lead", "amount": 1320 },
		{ "item": "graphite", "amount": 1100 },
		{ "item": "titanium", "amount": 1340 },
		{ "item": "surge-alloy", "amount": 1240 },
		{ "item": "silicon", "amount": 1350 },
		{ "item": "thorium", "amount": 770 },
		{ "item": "dark-alloy", "amount": 370 }
	],
	"category": "turret"
}