{
	"size": 14,
	"health": 29500,
	"range": 520,
	"reloadTime": 380,
	"coolantMultiplier": 0.4,
	"shootCone": 12,
	"shootDuration": 360,
	"powerUse": 125,
	"shootShake": 4,
	"firingMoveFract": 0.09,
	"shootEffect": "shootBigSmoke2",
	"recoilAmount": 7,
	"cooldown": 0.003,
	"hasPower": true,
	"hasLiquids": true,
	"heatColor": "ffffff",
	"rotateSpeed": 0.82,
	"shootSound": "dark/extinction-shoot",
	"loopSoundVolume": 2,
	"expanded": true,
	"requirements": [
		{ "item": "copper", "amount": 3800 },
		{ "item": "lead", "amount": 4100 },
		{ "item": "graphite", "amount": 3200 },
		{ "item": "titanium", "amount": 4200 },
		{ "item": "surge-alloy", "amount": 3800 },
		{ "item": "silicon", "amount": 4300 },
		{ "item": "thorium", "amount": 2400 },
		{ "item": "dark-alloy", "amount": 1700 },
		{ "item": "terminum", "amount": 900 },
		{ "item": "termina-alloy", "amount": 500 }
	],
	"category": "turret"
}