{
	"size": 14,
	"range": 820,
	"reloadTime": 430,
	"coolantMultiplier": 0.6,
	"itemCapacity": 10,
	"shootCone": 360,
	"rotateSpeed": 0.97,
	"hasItems": true,
	"shootSound": "end/endgame-shoot",
	"loopSound": "end/endgame-active",
	"loopSoundVolume": 0.12,
	"consumes": {
		"items": {
			"items": [
				{ "item": "terminum", "amount": 2 }
			]
		}
	},
	"expanded": true,
	"requirements": [
		{ "item": "phase-fabric", "amount": 9500 },
		{ "item": "surge-alloy", "amount": 10500 },
		{ "item": "dark-alloy", "amount": 2300 },
		{ "item": "light-alloy", "amount": 2300 },
		{ "item": "advance-alloy", "amount": 2300 },
		{ "item": "plague-alloy", "amount": 2300 },
		{ "item": "spark-alloy", "amount": 2300 },
		{ "item": "monolith-alloy", "amount": 2300 },
		{ "item": "super-alloy", "amount": 2300 },
		{ "item": "terminum", "amount": 1600 },
		{ "item": "termina-alloy", "amount": 800 }
	],
	"category": "turret"
}