{
	"size": 11,
	"hasLiquids": true,
	"liquidCapacity": 360,
	"configurable": true,
	"consumes": {
		"power": 5,
		"items": {
			"items": [
				{"item": "silicon", "amount": 1200},
				{"item": "metaglass", "amount": 800},
				{"item": "thorium", "amount": 700},
				{"item": "surge-alloy", "amount": 400},
				{"item": "plastanium", "amount": 600},
				{"item": "phase-fabric", "amount": 350}
			]
		},
		"liquid": {
			"liquid": "cryofluid",
			"amount": 7
		}
	},
	"requirements": [
		{"item": "graphite", "amount": 1600},
		{"item": "silicon", "amount": 2000},
		{"item": "metaglass", "amount": 900},
		{"item": "thorium", "amount": 600},
		{"item": "lead", "amount": 1200},
		{"item": "plastanium", "amount": 3600}
	],
	"constructTime": 20000,
	"category": "units",
	"research": "tetrative-reconstructor"
}
